"","min","max","mean","sd"
"Sequences",8342516,20024561,14275473.2608696,4343844.7409761
"TrimmedSequences",7658827,19973485,14071084.2173913,4429363.89509432
"uniquely_mapped",5454525,14037040,9598290.34782609,2874730.7832971
"uniquely_mapped_percent",55.58,80.51,68.9739130434783,7.05112031016763
"Assigned",3989803,10283433,7006409.95652174,2058024.76399186
"percent_assigned",64.2022919044,71.6713900849,68.3234691983609,1.71722285911325
